gpu_model,TomsHardware_GPUHierarchy_1440p_Ultra,source,last_updated
RTX 2060
RTX 2070 Super
RTX 3060
RTX 3060 Ti
RTX 3070
RTX 3070 Ti
RTX 3080
RTX 4060
RTX 4060 Ti
RTX 4070
RTX 4070 Super,79.7,,03/03/2026
RTX 4070 Ti,85.5,,03/03/2026
RTX 4080,103.7,,03/03/2026
RTX 4080 Super,105.8,,03/03/2026
RTX 4090,126.6,,03/03/2026
RTX 5060
RTX 5060 Ti
RTX 5070,81.2,,03/03/2026
RTX 5070 Ti,101.2,,03/03/2026
RTX 5080,111.7,,03/03/2026
RTX 5090,143.0,,03/03/2026
RX 6600
RX 6600 XT
RX 6700 XT
RX 6800
RX 6800 XT
RX 7600
RX 7700 XT
RX 7800 XT
RX 7900 XT,92.0,,03/03/2026
RX 7900 XTX,102.6,,03/03/2026
RX 9070 XT,98.3,,03/03/2026